the, 9336 times
and, 7981 times
to, 6895 times
of, 5526 times
for, 3037 times
in, 2955 times
pomona, 2634 times
your, 2022 times
students, 1950 times
student, 1938 times
you, 1932 times
about, 1928 times
poly, 1848 times
cal, 1840 times
university, 1658 times
our, 1655 times
is, 1601 times
on, 1370 times
information, 1346 times
we, 1338 times
are, 1328 times
or, 1325 times
campus, 1215 times
pm, 1194 times
at, 1177 times
with, 1129 times
that, 1055 times
services, 1042 times
be, 1019 times
academic, 1007 times
privacy, 983 times
all, 970 times
college, 937 times
will, 921 times
by, 858 times
safety, 827 times
center, 818 times
website, 807 times
as, 804 times
program, 796 times
view, 786 times
health, 763 times
resources, 762 times
california, 753 times
contact, 741 times
state, 741 times
faculty, 738 times
an, 695 times
engineering, 692 times
more, 689 times
if, 682 times
office, 682 times
plan, 681 times
not, 677 times
science, 673 times
learn, 660 times
programs, 653 times
content, 649 times
events, 649 times
use, 646 times
have, 643 times
aid, 641 times
us, 631 times
make, 630 times
how, 630 times
main, 618 times
it, 609 times
skip, 607 times
experience, 588 times
from, 588 times
financial, 587 times
accessibility, 571 times
polytechnic, 569 times
may, 568 times
document, 566 times
feedback, 564 times
admissions, 556 times
this, 549 times
support, 549 times
alumni, 546 times
cpp, 546 times
education, 544 times
can, 540 times
rights, 537 times
readers, 531 times
policy, 512 times
staff, 512 times
west, 500 times
ca, 488 times
temple, 481 times
reserved, 479 times
bronco, 474 times
news, 472 times
better, 461 times
email, 459 times
review, 451 times
am, 451 times
keep, 449 times
safe, 449 times
popular, 442 times
