상품, 14122 times
닫기, 7389 times
무료배송, 6343 times
관심상품, 4602 times
팝업, 3957 times
추가, 2766 times
있습니다, 2761 times
스마일클럽, 2643 times
감소, 2639 times
증가, 2625 times
장바구니, 2465 times
따라, 2174 times
상세보기, 2095 times
관한, 1992 times
선택하기, 1969 times
열기, 1846 times
바로가기, 1772 times
등록, 1707 times
결제, 1677 times
담기, 1664 times
내일(금), 1620 times
도착예정, 1615 times
판매자, 1535 times
적립, 1479 times
안내, 1464 times
g마켓, 1402 times
구매, 1387 times
브랜드, 1368 times
plus, 1324 times
버튼, 1287 times
등록되지, 1277 times
않음, 1277 times
정보, 1241 times
자세히보기, 1223 times
배송, 1081 times
상품금액, 1006 times
이내, 986 times
쿠폰, 971 times
연관상품, 888 times
순위, 801 times
이상, 779 times
판매자에게, 770 times
이전, 761 times
비즈, 755 times
하고, 750 times
전자상거래등에서, 748 times
소비자, 748 times
법률, 748 times
제1항, 748 times
동법, 748 times
하위메뉴, 740 times
상품평, 726 times
스마일, 716 times
배송비, 693 times
상품의, 685 times
다음, 684 times
또는, 682 times
할인, 679 times
최대, 670 times
찾기, 653 times
제공, 644 times
대하여, 644 times
스마일배송, 643 times
더보기, 640 times
경우, 632 times
있으며, 628 times
등록된, 623 times
정하는, 622 times
배송안내, 611 times
검색, 588 times
위해, 556 times
고객만족우수, 549 times
new, 544 times
스마일페이, 532 times
스마일클럽안내, 528 times
방송잔여시간, 528 times
스마일카드, 523 times
서비스, 520 times
지마켓글로벌, 520 times
상품명, 512 times
취소, 508 times
특가, 504 times
당사, 504 times
상품은, 502 times
아이템카드, 500 times
등록하기, 500 times
문의하기, 499 times
추가구성, 498 times
총상품금액, 496 times
상품금액에, 496 times
상세설명, 496 times
제목, 496 times
문의보기, 496 times
구매안전, 496 times
법정대리인이, 496 times
가입하기, 496 times
응답율, 496 times
재생, 496 times
가능, 493 times
무이자할부, 492 times
