de, 21823 times
el, 11384 times
en, 11287 times
la, 10614 times
del, 4430 times
que, 4230 times
con, 3693 times
para, 3595 times
por, 3315 times
se, 3197 times
al, 3072 times
los, 3023 times
champions, 2618 times
no, 2492 times
mx, 2485 times
un, 2439 times
liga, 2404 times
las, 2279 times
su, 2078 times
univision, 1822 times
noticias, 1736 times
américa, 1695 times
concacaf, 1676 times
mls, 1391 times
más, 1376 times
ante, 1351 times
es, 1325 times
uefa, 1265 times
deportes, 1238 times
tv, 1098 times
famosos, 1097 times
gratis, 1096 times
información, 1095 times
personal, 1093 times
política, 1089 times
tus, 1086 times
uforia, 1084 times
newsletters, 1084 times
una, 1083 times
le, 1041 times
lo, 997 times
fútbol, 975 times
league, 963 times
hollywood, 840 times
cargando, 834 times
tudn, 832 times
publicidad, 775 times
español, 771 times
sobre, 768 times
estados, 766 times
unidos, 765 times
futbol, 760 times
como, 757 times
boxeo, 737 times
final, 737 times
sin, 734 times
méxico, 727 times
mundo, 722 times
vida, 718 times
está, 717 times
tu, 705 times
disparo, 705 times
vs, 686 times
mi, 682 times
comparte, 679 times
tras, 657 times
europa, 656 times
copa, 651 times
pero, 644 times
anota, 635 times
estadísticas, 634 times
madrid, 621 times
cruz, 617 times
fue, 608 times
radio, 600 times
archivo, 593 times
acerca, 591 times
media, 587 times
vivo, 585 times
video, 584 times
ciudad, 576 times
reacciona, 570 times
of, 569 times
estilo, 565 times
coronavirus, 563 times
prende, 561 times
sigue, 559 times
latina, 556 times
partido, 552 times
shows, 550 times
news, 548 times
and, 547 times
servicios, 547 times
gol, 547 times
primera, 546 times
not, 546 times
in, 545 times
uso, 545 times
elecciones, 545 times
do, 544 times
