URL, number of outlinks
https://www.tudn.com/, 89
https://www.tudn.com/TUDN-radio, 93
https://www.tudn.com/futbol/mexico, 89
https://www.tudn.com/radio, 89
https://www.tudn.com/futbol/hector-herrera-reunira-houston-dynamo-conocer-proyecto-mls, 68
https://www.tudn.com/futbol/liga-campeones-concacaf/acevedo-se-precipita-quioto-lo-elude-y-marca-el-1-0-de-cf-montreal-video, 68
https://www.tudn.com/futbol/liga-campeones-concacaf/encendidos-acevedo-le-ataja-a-quioto-y-despues-hubo-conato-de-bronca-video, 69
https://www.tudn.com/futbol/uefa-champions-league/benfica-vs-ajax-uefa-champions-league-2022-02-23, 69
https://www.tudn.com/futbol/mls, 92
https://www.tudn.com/futbol/liga-campeones-concacaf/pumas-unam-vs-saprissa-concacaf-champions-league-2022-02-23, 68
https://www.tudn.com/boxeo, 90
https://www.tudn.com/futbol/liga-campeones-concacaf/colorado-rapids-cf-vs-comunicaciones-concacaf-champions-league-2022-02-23, 68
https://www.tudn.com/futbol, 84
https://www.tudn.com/futbol/uefa-champions-league/atletico-de-madrid-vs-manchester-united-uefa-champions-league-2022-02-23, 68
https://www.tudn.com/futbol/mls/javier-chicharito-hernandez-niega-que-su-carrera-este-casi-terminada, 68
https://www.tudn.com, 89
https://www.tudn.com/futbol/liga-campeones-concacaf/santos-por-fin-llego-gorriaran-prende-de-volea-y-exige-a-breza-video, 70
https://www.tudn.com/futbol/liga-campeones-concacaf/otra-vez-palermo-ortiz-cabecea-cruzado-para-el-1-0-ante-el-saprissa-video, 70
https://www.tudn.com/futbol/uefa-champions-league, 71
https://www.tudn.com/futbol/mls/mls-todos-home-openers-temporada-2022, 74
https://www.tudn.com/futbol/liga-campeones-concacaf/era-el-que-liquidaba-la-serie-choiniere-le-saca-pintura-al-travesano-video, 68
https://www.tudn.com/mundial-catar-2022/sorteo-mundial-qatar-2022-cuando-es-donde-como-sera, 68
https://www.tudn.com/futbol/liga-campeones-concacaf/montreal-vence-santos-laguna-elimina-concacaf-champions-league, 69
https://www.tudn.com/video, 93
https://www.tudn.com/futbol/resultados-y-estadisticas-futbol, 85
https://www.tudn.com/futbol/liga-campeones-concacaf/pumas-le-mete-intensidad-saprissa-se-salva-hasta-en-tres-ocasiones-video, 68
https://www.tudn.com/mas-deportes, 78
https://www.tudn.com/futbol/liga-campeones-concacaf/cf-montreal-vs-santos-laguna-concacaf-champions-league-2022-02-23, 69
https://www.tudn.com/tudn-livestream-24-7, 58
https://www.tudn.com/futbol/liga-mx, 87
https://www.tudn.com/futbol/liga-campeones-concacaf/el-monstruo-morado-aparece-en-cu-golazo-de-ryan-bolanos-para-el-1-1-video, 68
https://www.tudn.com/futbol/liga-campeones-concacaf, 89
https://www.tudn.com/futbol/liga-campeones-concacaf/cerca-de-estallar-cuerpos-tecnicos-a-punto-de-pelear-tras-el-silbatazo-video, 69
https://www.tudn.com/futbol/partidos-de-futbol-para-hoy-en-vivo, 76
https://www.tudn.com/futbol/liga-campeones-concacaf/new-york-city-fc-vs-s-de-guapiles-concacaf-champions-league-2022-02-23, 70
https://www.tudn.com/futbol/liga-campeones-concacaf/amonestados-preciado-y-waterman-se-calientan-empujan-y-encaran-video, 68
https://www.tudn.com/tudnxtra, 98
https://www.tudn.com/futbol/mls/mls-2022-cuando-empieza-temporada-2022-major-league-soccer, 67
https://www.tudn.com/futbol/liga-campeones-concacaf/kone-se-trago-a-messi-se-quita-a-todos-los-rivales-pero-acevedo-ataja-video, 69
https://www.tudn.com/futbol/liga-campeones-concacaf/tremendo-baile-al-santos-kone-anota-el-3-0-y-hace-retumbar-las-campanas-video, 69
https://www.tudn.com/tudn-vision, 74
https://www.tudn.com/archivo, 76
https://www.tudn.com/futbol/europa, 67
https://www.tudn.com/futbol/liga-campeones-concacaf/estan-eliminando-a-santos-mihailovic-suelta-un-fierrazo-para-el-2-0-video, 71
https://www.tudn.com/futbol/kun-aguero-celebra-bailando-el-cumpleanos-de-su-hijo-benjamin-ahijado-de-messi-video, 70
https://www.tudn.com/futbol/liga-mx/america-juan-otero-extremo-apunta-llegar-refuerzo, 70
https://www.tudn.com/boxeo/tyson-considera-verguenza-que-canelo-no-pelee-david-benavidez, 64
https://www.tudn.com/futbol/uefa-champions-league/resumen-en-partidazo-benfica-y-ajax-empatan-a-dos-goles-video, 70
https://www.tudn.com/futbol/uefa-champions-league/fin-del-partido-video-129, 71
https://www.tudn.com/futbol/liga-mx/liga-mx-en-360º-cruz-azul-vuelve-a-sonar-y-tunde-a-queretaro-video, 67
https://www.tudn.com/futbol/liga-campeones-concacaf/tiro-atajado-disparo-por-juan-ignacio-dinenno-video-1, 68
https://www.tudn.com/futbol/mexico/chicharito-revela-al-culpable-de-mandar-al-tri-al-repechaje-en-2013-video, 68
https://www.tudn.com/combate-global, 92
https://www.tudn.com/nfl/shows-medio-tiempo-super-bowl-volvieron-inolvidables, 69
https://www.tudn.com/futbol/uefa-champions-league/fan-celebra-con-pulisic-el-dous-a-cerou-de-cara-al-mexico-vs-team-usa-video, 71
https://www.tudn.com/futbol/liga-mx/santos-laguna, 74
https://www.tudn.com/futbol/mls/montreal-impact, 76
https://www.tudn.com/nfl/super-bowl-fanatico-rams-vendio-casa-comprar-boletos, 67
https://www.tudn.com/futbol/mls/carlos-vela-lafc-temporada-2022-europa-miami-opciones-profesionales-michele-giannone-tudn, 69
https://www.tudn.com/futbol/liga-campeones-concacaf/tiro-atajado-disparo-por-christian-bolanos-video, 68
https://www.tudn.com/futbol/liga-mx/jj-macias-quiero-ser-el-maximo-goleador-de-chivas-video, 67
https://www.tudn.com/futbol/liga-campeones-concacaf/gol-anota-para-colorado-rapids-cf-bryan-acosta-video, 68
https://www.tudn.com/futbol/uefa-champions-league/gol-del-capitan-america-pulisic-le-hace-la-faena-a-courtois-para-el-0-1-video, 70
https://www.tudn.com/temas/futbol-de-estufa, 111
https://www.tudn.com/futbol/liga-mx/america-opciones-fichaje-extremo-derecho-clausura-2022, 70
https://www.tudn.com/futbol/liga-campeones-concacaf/gol-anota-para-new-york-city-fc-talles-magno-video-1, 69
https://www.tudn.com/futbol/mls/mls-2022-cuando-a-que-hora-enfrentan-charlotte-fc-vs-la-galaxy, 65
https://www.tudn.com/futbol/liga-campeones-concacaf/gol-anota-para-cf-montreal-romell-quioto-video-1, 69
https://www.tudn.com/futbol/mls/houston-dynamo-fc, 75
https://www.tudn.com/futbol/jugadores/maxine-chanot, 59
https://www.tudn.com/futbol/uefa-champions-league/desastre-en-paris-se-abre-la-barrera-y-mahrez-hace-el-1-2-del-city-video, 70
https://www.tudn.com/futbol/copa-oro/team-usa-aprovecha-error-arquero-jamaica-avanza-semifinales-copa-oro-2021-fotos, 107
https://www.tudn.com/futbol/liga-mx/liga-mx-en-360º-remontada-necaxa-aplica-voltereta-a-cruz-azul-video, 67
https://www.tudn.com/futbol/uefa-champions-league/ten-hag-lamenta-la-falla-de-edson-ante-el-benfica-video, 70
https://www.tudn.com/futbol/uefa-champions-league/fin-del-partido-video-130, 71
https://www.tudn.com/futbol/liga-mx/club-tijuana-vs-atlas-liga-mx-clausura-2022-02-25, 55
https://www.tudn.com/futbol/mexico/chuiquimarco-y-el-penal-a-lainez-quien-hable-de-robo-no-conoce-las-reglas-video, 68
https://www.tudn.com/futbol/uefa-nations-league, 84
https://www.tudn.com/futbol/liga-campeones-concacaf/pero-que-necesidad-breza-hace-fuerte-entrada-y-ocejo-lo-encara-video, 70
https://www.tudn.com/futbol/liga-mx/america-presenta-nuevo-autobus-estadio-azteca-clausura-2022, 64
https://www.tudn.com/futbol/uefa-champions-league/seguimiento-a-edson-alvarez-disparo-al-poste-y-a-nada-de-cometer-penalti-video, 69
https://www.tudn.com/futbol/javier-chicharito-hernandez-sigue-encendido-anota-d-c-united-la-galaxy, 69
https://www.tudn.com/temas/mundial-qatar-2022, 101
https://www.tudn.com/futbol/mexico/monica-vergara-da-lista-del-tri-para-eliminatorias-del-mundial-femenil-video, 68
https://www.tudn.com/futbol/liga-campeones-concacaf/nyfc-golea-en-casa-a-los-santos-guapiles-y-acceden-a-los-cuartos-de-final-fotos, 96
https://www.tudn.com/futbol/liga-mx/liga-mx-en-360º-chivas-y-america-dan-clasico-de-alarido-y-solo-falto-el-gol-video, 67
https://www.tudn.com/futbol/liga-mx/andres-guardado-no-tiene-cabida-en-atlas-por-el-momento-video, 67
https://www.tudn.com/futbol/liga-campeones-concacaf/aaron-cruz-salva-de-milagro-detiene-sobre-la-linea-el-remate-de-diogo-video, 68
https://www.tudn.com/futbol/liga-mx/por-que-javier-aguirre-no-ha-podido-despegar-con-rayados-video, 67
https://www.tudn.com/futbol/liga-mx/bajas-importantes-lesiones-en-pumas-previo-a-jugar-ante-america-video, 67
https://www.tudn.com/futbol/liga-mx/liga-mx-en-360º-con-golazo-de-thauvin-tigres-devoro-a-queretaro-video, 67
https://www.tudn.com/futbol/liga-mx/semana-grande-para-pumas-saprissa-y-america-visitan-cu-video, 67
https://www.tudn.com/futbol/liga-mx/de-lujo-america-presenta-su-nuevo-autobus-con-frase-motivacional-video, 67
https://www.tudn.com/futbol/premier-league/manchester-united, 74
https://www.tudn.com/futbol/mexico/rafa-marquez-revela-su-derrota-mas-dolorosa-fue-ante-estados-unidos-video, 68
https://www.tudn.com/mas-deportes/clausuran-juegos-olimpicos-de-invierno-2022-beijing-2022-china-medallero, 62
https://www.tudn.com/futbol/liga-campeones-concacaf/gol-anota-para-comunicaciones-nicolas-samayoa-video, 68
https://www.tudn.com/futbol/uefa-europa-league/napoli-vs-barcelona-que-necesitan-para-avanzar-en-la-europa-league-video, 71
https://www.tudn.com/boxeo/travieso-arce-y-jc-chavez-liman-asperezas-y-se-reconcilian-video, 71
https://www.tudn.com/archivo/2018, 112
https://www.tudn.com/futbol/liga-mx/necaxa-vs-leon-liga-mx-clausura-2022-02-25, 55
https://www.tudn.com/futbol/liga-mx/atlas-irarragorri-no-regreso-andres-guardado-corto-tiempo-futuro-veran, 69
https://www.tudn.com/futbol/uefa-europa-league/lazio-piede-ante-el-porto-pero-deja-abierta-la-eliminatoria-europa-league, 69
https://www.tudn.com/mas-deportes/saul-canelo-alvarez-nego-que-ya-tenga-rival-para-su-proxima-pelea, 69
https://www.tudn.com/futbol/liga-campeones-concacaf/moscoso-se-viste-de-heroe-ante-colorado-rapids-y-comunicaciones-avanza-video, 68
https://www.tudn.com/futbol/uefa-champions-league/tiro-atajado-disparo-por-antony-video-9, 71
https://www.tudn.com/futbol/liga-mx/posiciones, 72
https://www.tudn.com/futbol/liga-campeones-concacaf/tiro-atajado-disparo-por-ismael-govea-video-1, 71
https://www.tudn.com/futbol/uefa-champions-league/la-que-se-comio-keylor-tirito-centro-de-de-bruyne-se-cuela-para-el-1-1-video, 70
https://www.tudn.com/futbol/liga-campeones-concacaf/julio-gonzalez-se-reivindica-le-niega-el-empate-a-christian-bolanos-video, 68
https://www.tudn.com/futbol/uefa-europa-league, 90
https://www.tudn.com/futbol/mexico/avanzo-el-futbol-de-la-seleccion-mexicana-analisis-de-la-triple-fecha-video, 68
https://www.tudn.com/futbol/liga-campeones-concacaf/llaves, 75
https://www.tudn.com/futbol/mls/chicharito-hernandez-asegura-que-a-sus-33-anos-no-esta-acabado-video, 68
https://www.tudn.com/futbol/mexico/arsenal-marcelo-flores-reafirma-compromiso-tri-tenis-personalizados, 69
https://www.tudn.com/futbol/liga-mx/amor-al-rayo-el-gran-festejo-de-lozano-tras-triunfo-de-necaxa-video, 67
https://www.tudn.com/futbol/mexico/mas-cardiaco-no-se-puede-mexico-apenas-rescata-el-2-1-frente-a-jamaica-video, 68
https://www.tudn.com/futbol/uefa-europa-league/ferran-torres-llora-desconsolado-tras-una-dificil-noche-con-barcelona-video, 71
https://www.tudn.com/futbol/liga-campeones-concacaf/santos-tendra-baja-pedro-caixinha-montreal-covid-19, 68
https://www.tudn.com/boxeo/jermall-charllo-potencial-rival-canelo-alvarez-arrestado-segunda-vez-en-texas, 63
https://www.tudn.com/futbol/el-malentendido-que-afecto-la-relacion-oswaldo-sanchez-memo-ochoa-video, 71
https://www.tudn.com/nfl-inicio, 71
https://www.tudn.com/futbol/liga-mx/equipos, 77
https://www.tudn.com/futbol/uefa-champions-league/cerca-edson-alvarez-disparo-que-se-estrella-en-el-poste-video-5, 71
https://www.tudn.com/nfl/tom-brady-debutara-en-hollywood-como-actor-y-productor-video, 71
https://www.tudn.com/futbol/mls/inicia-la-temporada-27-de-la-mls-y-promete-ser-emocionante-video, 68
https://www.tudn.com/futbol/mls/atlanta-united-fc-fin-de-semana-goleada-birmingham-legion-presentacion-camiseta-secundaria-gonzalo-pineda-josef-martinez-fotos, 108
https://www.tudn.com/futbol/liga-mx/quien-sera-el-siguiente-la-guillotina-ha-estado-desatada-con-los-dts-video, 67
https://www.tudn.com/futbol/liga-campeones-concacaf/pumas-vuelve-a-ganar-por-aire-aaron-cruz-le-impide-el-gol-a-diogo-video, 68
https://www.tudn.com/futbol/uefa-europa-league/dinamo-zagreb-vs-sevilla-uefa-europa-league-2022-02-24, 58
https://www.tudn.com/boxeo/trilogia-chocolatito-gonzalez-admite-que-boxeo-aun-debe-algo-carrera, 63
https://www.tudn.com/futbol/uefa-champions-league/resultados, 68
https://www.tudn.com/futbol/liga-campeones-concacaf/landin-confia-en-que-guastatoya-de-la-sorpresa-en-el-juego-contra-el-leon-liga-de-campeones-concacaf, 66
https://www.tudn.com/futbol/liga-campeones-concacaf/cerca-valentin-castellanos-disparo-que-se-estrella-en-el-poste-video, 71
https://www.tudn.com/archivo/2021, 127
https://www.tudn.com/futbol/liga-mx/resultados, 76
https://www.tudn.com/videos-virales, 87
https://www.tudn.com/futbol/liga-mx/cruz-azul-vs-santos-laguna-liga-mx-clausura-2022-02-27, 55
https://www.tudn.com/futbol/uefa-champions-league/cuidado-chelsea-presume-el-titulo-del-mundial-de-clubes-y-lo-mojan-video, 71
https://www.tudn.com/les-faltaron-los-guantes-cowell-y-alcantar-se-prenden-tras-falta-video, 71
https://www.tudn.com/futbol/liga-mx/hernan-cristante-pide-queretaro-no-sea-miedoso-clausura-2022, 70
https://www.tudn.com/futbol/liga-campeones-concacaf/tiro-atajado-disparo-por-marvin-angulo-video, 68
https://www.tudn.com/futbol/liga-mx/ivan-morales-refuerzo-delantera-cruz-azul-grita-mexico-clausura-2022, 66
https://www.tudn.com/futbol/uefa-europa-league/napoli-vs-fc-barcelona-uefa-europa-league-2022-02-24, 58
https://www.tudn.com/futbol/liga-mx/seleccionados-joaquin-montecinos-leandro-lopez-llegaran-como-refuerzos-xolos-tijuana, 64
https://www.tudn.com/futbol/liga-campeones-concacaf/gol-anota-para-colorado-rapids-cf-nicolas-mezquida-video, 68
https://www.tudn.com/futbol/uefa-champions-league/tiro-atajado-disparo-por-goncalo-ramos-video, 71
https://www.tudn.com/futbol/uefa-champions-league/gol-anota-para-benfica-roman-yaremchuk-video-1, 69
https://www.tudn.com/futbol/uefa-champions-league/jose-maria-gimenez-piensa-que-fue-injusto-el-empate-con-el-united-video, 70
https://www.tudn.com/futbol/mls/cuando-y-a-que-hora-juegan-charlotte-fc-vs-la-galaxy-video, 68
https://www.tudn.com/futbol/la-liga/que-pasos-memphis-no-desentona-al-bailar-salsa-video, 71
https://www.tudn.com/futbol/dutch-eredivisie/ajax, 71
https://www.tudn.com/futbol/uefa-europa-league/sevilla-aprovecha-la-localia-y-da-el-primer-paso-sobre-dinamo-europa-league, 70
https://www.tudn.com/futbol/uefa-europa-conference-league/resumen-juegos-ida-playoffs-uefa-conference-league, 71
https://www.tudn.com/futbol/mexico/resumen-mexico-no-descifra-a-canada-e-igualan-1-1-en-el-azteca-video, 68
https://www.tudn.com/futbol/mexico/javier-chicharito-hernandez-acepta-deseo-volver-seleccion-mexicana-resalta-crecimiento-mls, 66
https://www.tudn.com/futbol/mls/shaqiri-y-su-mision-en-el-chicago-fire-tratar-de-recuperar-la-gloria-video, 68
https://www.tudn.com/futbol/liga-mx/descenso, 72
https://www.tudn.com/mundial-catar-2022, 83
https://www.tudn.com/futbol/uefa-champions-league/resumen-serie-sentenciada-liverpool-derrota-0-2-al-inter-a-domicilio-video, 70
https://www.tudn.com/futbol/liga-campeones-concacaf/saprissa-rescata-empate-ante-pumas-concacaf-liga-campeones-con-error-alfredo-talvera, 66
https://www.tudn.com/temas/fifa, 98
https://www.tudn.com/futbol/la-liga, 89
https://www.tudn.com/futbol/serie-a, 80
https://www.tudn.com/futbol/mexico/carlos-vela-cierra-puertas-seleccion-de-mexico-de-forma-definitiva, 67
https://www.tudn.com/boxeo/el-canelo-y-jc-chavez-estaran-presentes-en-la-clase-de-box-mas-grande-mundo, 66
https://www.tudn.com/futbol/liga-campeones-concacaf/saprissa, 75
https://www.tudn.com/futbol/liga-campeones-concacaf/gol-anota-para-cf-montreal-ismael-kone-video, 69
https://www.tudn.com/futbol/liga-campeones-concacaf/ya-generan-peligro-anangono-la-manda-por-un-costado-ante-colorado-video, 68
https://www.tudn.com/mundial-catar-2022/fifa-ajusta-fecha-del-sorteo-para-qatar-2022-y-sera-presencial-video, 72
https://www.tudn.com/temas/oscar-caliz, 105
https://www.tudn.com/futbol/eeuu/estados-unidos-golea-islandia-campeon-shebelieves-cup-2022, 65
https://www.tudn.com/boxeo/ryan-garcia-renuncia-entrenar-con-eddy-reynoso-da-conocer-nuevo-entrenador-joe-goossen, 65
https://www.tudn.com/futbol/mexico/partidos-que-planea-jugar-la-seleccion-mexicana-antes-del-mundial-2022-video, 68
https://www.tudn.com/futbol/uefa-champions-league/gol-anota-para-atletico-de-madrid-joao-felix-video-7, 69
https://www.tudn.com/futbol/liga-campeones-concacaf/tiro-atajado-disparo-por-ismael-kone-video, 71
https://www.tudn.com/futbol/uefa-europa-league/real-sociedad-empata-y-atalanta-saca-ventaja-en-casa-en-europa-league, 61
https://www.tudn.com/futbol/liga-campeones-concacaf/julio-gonzalez-se-mete-en-problemas-da-dos-rebotes-y-casi-le-cuesta-video, 69
https://www.tudn.com/futbol/mls-houston-dynamo-hector-herrera-oferta-al-atletico-de-madrid, 67
https://www.tudn.com/futbol/liga-mx/puebla-derrota-monterrey-perdido-sigue-lider-grita-mexico-c22-liga-mx, 73
https://www.tudn.com/boxeo/kell-brook-se-anota-un-tko-sobre-amir-khan-en-manchester-video, 71
https://www.tudn.com/futbol/liga-mx/liga-mx-en-360º-juegazo-rayados-le-arrebata-empate-al-campeon-video, 67
https://www.tudn.com/futbol/liga-mx/fc-juarez-vs-tigres-liga-mx-clausura-2022-02-25, 55
https://www.tudn.com/futbol/uefa-champions-league/cerca-edson-alvarez-disparo-que-se-estrella-en-el-poste-video-4, 71
https://www.tudn.com/nba, 88
https://www.tudn.com/boxeo/gennady-golovkin-considera-fraude-al-canelo-video, 71
https://www.tudn.com/futbol/liga-mx/liga-mx-en-360º-el-campeon-atlas-se-impone-y-tunde-al-america-video, 67
https://www.tudn.com/futbol/mexico/resultados, 74
https://www.tudn.com/futbol/liga-mx/liga-mx-en-360º-cruz-azul-rescato-agonico-empate-ante-tuzos-video, 67
https://www.tudn.com/futbol/jugadores/carlos-vela, 93
https://www.tudn.com/futbol/liga-de-expansion-mx, 70
https://www.tudn.com/mlb, 89
https://www.tudn.com/futbol/liga-campeones-concacaf/carlos-acevedo-acepta-preocupacion-santos-tras-eliminacion-concacaf-liga-campeones-se-nos-da-nada, 66
https://www.tudn.com/futbol/liga-campeones-concacaf/gol-anota-para-comunicaciones-alexander-larin-video, 68
https://www.tudn.com/futbol/uefa-champions-league/resumen-manchester-united-rescata-un-valioso-1-1-en-cancha-del-atleti-video, 71
https://www.tudn.com/futbol/liga-mx/liga-mx-en-360º-crisis-pachuca-pone-en-jaque-al-america-de-solari-video, 67
https://www.tudn.com/futbol/liga-mx/pumas-unam, 74
https://www.tudn.com/futbol/liga-mx/liga-mx-en-360º-el-renovado-cruz-azul-atropello-a-xolos-video, 67
https://www.tudn.com/futbol/mls/comisionado-don-garber-inicio-temporada-2022-mls-las-vegas-expansion-charlotte-fc-transferencias-internacionales, 71
https://www.tudn.com/futbol/liga-campeones-concacaf/resultados, 74
https://www.tudn.com/futbol/uefa-champions-league/nada-definido-juventus-y-villarreal-dejan-todo-para-vuelta-tras-un-1-1-video, 70
https://www.tudn.com/futbol/liga-mx/liga-mx-en-360º-cruz-azul-vapulea-a-toluca-y-le-quita-el-invicto-video, 67
https://www.tudn.com/boxeo/ryan-garcia-habla-de-su-terrible-depresion-en-boxeo-quise-quitarme-la-vida, 63
https://www.tudn.com/futbol/liga-mx/divididas-las-opiniones-en-chivas-sobre-la-continuidad-de-michel-leano-video, 67
https://www.tudn.com/futbol/uefa-champions-league/hector-herrera-califica-de-amargo-empate-atletico-de-madrid-manchester-united, 66
https://www.tudn.com/futbol/liga-campeones-concacaf/gol-anota-para-cf-montreal-djordje-mihailovic-video, 69
https://www.tudn.com/futbol/mls/equipos, 79
https://www.tudn.com/futbol/liga-campeones-concacaf/gol-anota-para-new-york-city-fc-talles-magno-video, 69
https://www.tudn.com/futbol/uefa-champions-league/cabezazo-letal-marquinhos-se-anticipa-y-cruza-para-el-1-0-del-psg-video, 70
https://www.tudn.com/futbol/mls/la-mls-no-quiere-a-neymar-si-piensa-retirarse-en-la-liga-estadounidense-video, 68
https://www.tudn.com/archivo/2011, 72
https://www.tudn.com/tenis, 92
https://www.tudn.com/futbol/la-liga/atletico-de-madrid, 74
https://www.tudn.com/boxeo/ggg-acusa-de-fraude-al-canelo-y-asegura-le-gano-combates-que-sostuvieron, 65
https://www.tudn.com/futbol/mls/quien-es-jugador-mas-caro-major-league-soccer-thiago-almada, 69
https://www.tudn.com/futbol/liga-campeones-concacaf/cerca-jonathan-lewis-disparo-que-se-estrella-en-el-poste-video, 68
https://www.tudn.com/futbol/uefa-champions-league/gol-anota-para-atletico-de-madrid-joao-felix-video-4, 69
https://www.tudn.com/futbol/liga-mx/rayados-reprueba-actos-manifestaciones-violentos-fans-encararon-jugadores, 67
https://www.tudn.com/futbol/mls/lo-quieren-si-o-si-el-contrato-que-houston-dynamo-ofrece-a-hh-video, 68
https://www.tudn.com/futbol/uefa-europa-league/rangers-vs-borussia-dortmund-uefa-europa-league-2022-02-24, 58
https://www.tudn.com/futbol/liga-campeones-concacaf/gol-anota-para-comunicaciones-jorge-aparicio-video, 68
https://www.tudn.com/futbol/liga-campeones-concacaf/tiro-atajado-disparo-por-michael-barrios-video-1, 68
https://www.tudn.com/futbol/uefa-champions-league/estadisticas, 66
https://www.tudn.com/futbol/liga-campeones-concacaf/ariel-holan-sobre-recuperacion-angel-mena-vamos-acelerando-su-regreso, 65
https://www.tudn.com/futbol/uefa-europa-league/sporting-braga-vs-sheriff-tiraspol-uefa-europa-league-2022-02-24, 58
https://www.tudn.com/boxeo/jaime-munguia-sufre-desmayo-tras-ceremonia-pesaje-en-tijuana-pelea-dimitrius-ballard, 62
https://www.tudn.com/futbol/concacaf-mundial-eliminatorias/gol-tecatito-mexico-empata-panama-octagonal-final-concacaf-rumbo-mundial-qatar-2022, 72
https://www.tudn.com/boxeo/canelo-calma-rumores-sobre-su-futuro-no-le-mientan-a-la-gente-video, 71
https://www.tudn.com/nfl, 71
https://www.tudn.com/nfl/datos-expres-verte-todo-experto-nfl-super-bowl-lvi, 69
https://www.tudn.com/futbol/liga-mx/exjugadores-del-america-dan-las-claves-para-salir-del-mal-momento-video, 67
https://www.tudn.com/futbol/mexico/resumen-gran-resultado-tico-mexico-no-pudo-anotar-en-el-azteca-video, 68
https://www.tudn.com/futbol/liga-mx/xolos-presume-defensa-multicampeon-en-portugal-y-en-argentina-liga-mx, 66
https://www.tudn.com/futbol/uefa-champions-league/benfica-empate-ajax-edson-alvarez-cerca-anotar, 68
https://www.tudn.com/zona-futbol-todos-los-partidos-de-la-champions-league-en-un-solo-streaming-livestream, 52
https://www.tudn.com/futbol/uefa-champions-league/cerca-antoine-griezmann-disparo-que-se-estrella-en-el-poste-video-2, 71
https://www.tudn.com/futbol/mls/la-galaxy, 75
https://www.tudn.com/futbol/bromitas-guardado-el-mexicano-pone-el-color-en-el-betis-video, 70
https://www.tudn.com/futbol/liga-mx/paul-arriola-mantendra-mls-queda-descartado-america, 69
https://www.tudn.com/futbol/mls/chicago-fire, 74
https://www.tudn.com/boxeo/jaime-munguia-se-desmaya-tras-dar-el-peso-en-tijuana-video, 71
https://www.tudn.com/futbol/uefa-europa-league/real-betis-vs-zenit-st-petersburg-uefa-europa-league-2022-02-24, 58
https://www.tudn.com/futbol/mexico/salon-de-leyendas, 93
https://www.tudn.com/futbol/uefa-champions-league/resumen-benficavsajax-yt-video, 71
https://www.tudn.com/futbol/liga-mx/el-mal-paso-de-rayados-justifica-que-aficionados-encaren-a-jugadores-video, 67
https://www.tudn.com/futbol/liga-de-expansion-mx/mejores-goles-y-atajadas-de-la-liga-de-expansion-mx-en-la-fecha-8-video, 71
https://www.tudn.com/boxeo/julio-cesar-chavez-jr-rechazo-ser-entrenado-eddy-reynoso, 64
https://www.tudn.com/futbol/liga-campeones-concacaf/tiro-atajado-disparo-por-juan-ignacio-dinenno-video, 71
https://www.tudn.com/futbol/uefa-champions-league/gol-anota-para-atletico-de-madrid-joao-felix-video-8, 69
https://www.tudn.com/futbol/liga-mx/christian-tabo-baja-cruz-azul-recupera-angel-romero-concacaf, 70
https://www.tudn.com/futbol/mexico/detras-del-gol, 95
https://www.tudn.com/futbol/liga-campeones-concacaf/gol-anota-para-comunicaciones-jose-contreras-video, 68
https://www.tudn.com/futbol/concacaf-mundial-eliminatorias/goles-hector-moreno-raul-jimenez-mexico-vence-el-salvador-en-cuscatlan-lider-octagonal-concacaf, 74
https://www.tudn.com/futbol/liga-mx/monterrey-vs-atletico-san-luis-liga-mx-clausura-2022-02-26, 55
https://www.tudn.com/nfl-inicio/tom-brady-sera-actor-productor-hollywood-tras-su-retiro, 63
https://www.tudn.com/futbol/mexico/hermanas-silvana-tatiana-flores-convocadas-seleccion-mexicana-femenil-sub-20, 66
https://www.tudn.com/futbol/liga-campeones-concacaf/tiro-atajado-disparo-por-fernando-gorriaran-video, 71
https://www.tudn.com/futbol/uefa-champions-league/tiro-atajado-disparo-por-antony-video-7, 71
https://www.tudn.com/futbol/liga-campeones-concacaf/cerca-denilson-mason-disparo-que-se-estrella-en-el-poste-video, 71
https://www.tudn.com/futbol/liga-mx/para-calentar-seis-verdaderos-golazos-entre-pumas-y-america-video, 67
https://www.tudn.com/casi-le-arranca-la-cabeza-canonazo-de-cowell-que-le-pega-al-portero-video, 71
https://www.tudn.com/futbol/mexico/resumen-sin-despeinarse-mexico-se-impone-3-0-a-honduras-video, 68
https://www.tudn.com/futbol/liga-mx/ya-no-conoceremos-el-once-holan-y-su-rotacion-son-muchos-partidos-video, 67
https://www.tudn.com/futbol/ligue-1/ronaldo-nazario-kylian-mbappe-comparacion-estilo-juego, 67
https://www.tudn.com/futbol/santos-de-guapiles, 76
https://www.tudn.com/futbol/liga-campeones-concacaf/tiro-atajado-disparo-por-valentin-castellanos-video-2, 71
https://www.tudn.com/futbol/liga-de-expansion-mx/tapatio-mantiene-el-liderato-tabla-tras-la-j8-liga-de-expansion-mx-video, 71
https://www.tudn.com/futbol/mls/perfiles, 84
https://www.tudn.com/futbol/liga-campeones-concacaf/cerca-mathieu-choiniere-disparo-que-se-estrella-en-el-poste-video, 71
https://www.tudn.com/futbol/uefa-champions-league/yt-resumen-atletico-de-madrid-vs-manchester-united-video, 70
https://www.tudn.com/futbol/uefa-champions-league/partidazo-ajax-y-benfica-empatan-en-la-ida-de-octavos-de-final-en-la-champions-league-fotos, 106
https://www.tudn.com/mas-deportes/prohiben-a-un-acosador-de-emma-raducanu-acercarse-a-ella-cinco-anos, 65
https://www.tudn.com/futbol/liga-campeones-concacaf/gol-anota-para-new-york-city-fc-maxime-chanot-video, 69
https://www.tudn.com/futbol/copa-oro/fotos-imagenes-estados-unidos-vence-mexico-festeja-titulo-copa-oro-2021-fotos, 112
https://www.tudn.com/temas/juan-carlos-h-cedeno, 106
https://www.tudn.com/futbol/liga-mx/asi-se-movieron-el-cielo-purgatorio-e-infierno-tras-la-jornada-6-video, 67
https://www.tudn.com/futbol/liga-mx/liga-mx-en-360º-pumas-apaga-el-infierno-y-elimina-al-toluca-video, 67
https://www.tudn.com/futbol/liga-mx/luis-abram-afirma-que-cruz-azul-es-el-mas-grande-de-mexico-video, 67
https://www.tudn.com/futbol/eeuu, 82
https://www.tudn.com/futbol/liga-mx/lucas-rodriguez-aterriza-guadalajara-segundo-refuerzo-atlas-clausura-2022, 68
https://www.tudn.com/futbol/mls/new-york-city-fc-santos-guapiles-octavos-final-liga-campeones-concacaf-partido-revancha-ronny-deila, 63
https://www.tudn.com/futbol/uefa-champions-league/tiro-atajado-disparo-por-antony-video-8, 71
https://www.tudn.com/futbol/uefa-champions-league/atletico-de-madrid-1-1-manchester-united-wanda-metropolitano, 66
https://www.tudn.com/futbol/uefa-europa-league/real-sociedad-vs-rb-leipzig-uefa-europa-league-2022-02-24, 58
https://www.tudn.com/futbol/mls/chicharito-chofis-vela-en-modo-ave-fenix, 70
https://www.tudn.com/futbol/liga-portugal/benfica, 71
https://www.tudn.com/futbol/liga-mx/cruz-azul-anuncia-luis-abram-refuerzo-clausura-2022, 69
https://www.tudn.com/lo-que-deja-escapar-cade-cowell-no-tiene-fortuna-y-perdona-video, 71
https://www.tudn.com/archivo/2015, 93
https://www.tudn.com/futbol/mexico/plantel, 74
https://www.tudn.com/futbol/mls/miguel-angel-ramirez-charlotte-fc-equipo-expansion-mls-temporada-2022-major-league-soccer, 65
https://www.tudn.com/futbol/jugadores/hector-herrera, 96
https://www.tudn.com/futbol/uefa-champions-league/actuacion-hector-herrera-atletico-de-madrid-edson-alvarez-ajax-ida-octavos-de-final, 68
https://www.tudn.com/futbol/copa-oro/agonico-triunfo-de-mexico-sobre-canada-pone-al-tri-en-la-final-de-la-copa-oro-fotos, 108
https://www.tudn.com/boxeo/cerca-del-retiro-amir-khan-dura-6-rounds-kell-brook-en-manchester, 63
https://www.tudn.com/futbol/mls/houston-dynamo-fc-dallas-austin-fc-gastaron-millones-para-buscar-titulo-temporada-2022-mls, 75
https://www.tudn.com/futbol/liga-campeones-concacaf/comunicaciones-sigue-con-vida-al-eliminar-a-colorado-rapids-en-penales-video, 68
https://www.tudn.com/archivo/2019, 129
https://www.tudn.com/futbol/liga-campeones-concacaf/resumen-los-dejaron-helados-cf-montreal-despedaza-3-0-a-santos-video, 69
https://www.tudn.com/futbol/jugadores/alfredo-morales, 56
https://www.tudn.com/futbol/liga-campeones-concacaf/expulsion-el-arbitro-saca-la-roja-directa-a-alvin-bennett-video, 70
https://www.tudn.com/temas/antonio-quiroga, 114
https://www.tudn.com/futbol/liga-mx/liga-mx-en-360º-los-goles-de-cruz-azul-en-busca-del-bicampeonato-video, 67
https://www.tudn.com/futbol/mls/dicen-presente-la-mls-tiene-mas-de-200-latinos-inscritos-para-nueva-temporada-video, 68
https://www.tudn.com/futbol/liga-campeones-concacaf/leon-recobra-camino-de-victoria-ante-guastatoya-en-concacaf-liga-campeones, 71
https://www.tudn.com/mundial-catar-2022/corea-del-sur-clasificacion-mundial-qatar-2022, 70
https://www.tudn.com/futbol/liga-campeones-concacaf/cruz-azul-vs-forge-concacaf-champions-league-2022-02-24, 57
https://www.tudn.com/futbol/liga-campeones-concacaf/hazana-del-comunicaciones-en-colorado-con-inmenso-moscoso, 66
https://www.tudn.com/futbol/mls/estadisticas, 69
https://www.tudn.com/futbol/liga-campeones-concacaf/leon-golea-guastatoya-avanza-cuartos-de-final-liga-campeones-concacaf, 68
https://www.tudn.com/futbol/mexico/estadísticas, 78
https://www.tudn.com/archivo/2012, 74
https://www.tudn.com/futbol/liga-mx/america-pierde-ante-mazatlan-fc-partido-pendiente-jornada-2, 70
https://www.tudn.com/futbol/liga-mx/pachuca-vs-mazatlan-fc-liga-mx-clausura-2022-02-24, 56
https://www.tudn.com/futbol/liga-mx/pumas-unam-vs-america-liga-mx-clausura-2022-02-26, 55
https://www.tudn.com/boxeo/canelo-y-jc-chavez-se-unen-para-la-clase-de-boxeo-mas-grande-del-mundo-video, 71
https://www.tudn.com/futbol/liga-mx/estadisticas, 67
https://www.tudn.com/futbol/copa-oro/team-usa-hace-su-trabajo-y-esperan-rival-en-la-final-de-la-copa-oro-fotos, 105
https://www.tudn.com/futbol/mls/columbus-crew, 76
https://www.tudn.com/mas-deportes/finlandes-remi-lindholm-congelamiento-pene-beijing-2022, 63
https://www.tudn.com/futbol/liga-campeones-concacaf/tiro-atajado-disparo-por-romell-quioto-video-2, 71
https://www.tudn.com/futbol/mls/minuto-mls-comienza-la-cuenta-regresiva-para-el-inicio-de-la-temporada-2022-video, 68
https://www.tudn.com/futbol/liga-mx/jugador-con-paso-por-real-madrid-y-monaco-es-refuerzo-del-leon-gary-kagelmacher, 65
https://www.tudn.com/verizon-360-tudn, 74
https://www.tudn.com/futbol/uefa-champions-league/tiro-atajado-disparo-por-antony-video-10, 71
https://www.tudn.com/las-verdaderas-joyas-con-las-que-jessica-alba-llego-al-estrellato-fotos, 121
https://www.tudn.com/futbol/liga-mx/liga-mx-en-360º-pumas-ruge-en-el-azteca-y-elimina-al-america-video, 67
https://www.tudn.com/futbol/liga-campeones-concacaf/gol-anota-para-pumas-unam-arturo-ortiz-video, 68
https://www.tudn.com/futbol/liga-campeones-concacaf/gol-anota-para-new-york-city-fc-alfredo-morales-video, 69
https://www.tudn.com/futbol/mexico/aseguran-miguel-piojo-herrera-entrenaria-mejor-tri-que-tata-martino-chicharito-carlos-vela, 66
https://www.tudn.com/futbol/liga-campeones-concacaf/tormenta-gelida-montreal-impact-santos-laguna-cambia-fecha, 66
https://www.tudn.com/futbol/uefa-champions-league/gol-christian-pulisic-chelsea-derrota-lille-acaricia-cuartos-de-final, 66
https://www.tudn.com/futbol/liga-campeones-concacaf/comunicaciones, 74
https://www.tudn.com/futbol/liga-mx/vendran-cambios-america-extraviado-pierde-ante-pachuca-estadio-azteca, 68
https://www.tudn.com/futbol/liga-campeones-concacaf/tiro-atajado-disparo-por-david-guzman-video-1, 71
https://www.tudn.com/futbol/mls/promesa-mexicoamericana-de-mls-se-prueba-con-bayern-munich-video, 68
https://www.tudn.com/futbol/ligue-1, 80
https://www.tudn.com/futbol/mexico/momentos-de-la-semana, 85
https://www.tudn.com/boxeo/presidente-cmb-mauricio-sulaiman-confirma-bivol-ggg-como-rivales-de-canelo, 66
https://www.tudn.com/futbol/uefa-champions-league/ten-hag-culpa-fallas-ajax-edson-alvarez-empate-ajax-benfica, 69
https://www.tudn.com/boxeo/chocolatito-pienso-que-el-boxeo-me-debe-un-poquito-aun-video, 71
https://www.tudn.com/futbol/uefa-champions-league/tiro-atajado-disparo-por-jesse-lingard-video-1, 71
https://www.tudn.com/futbol/uefa-europa-league/por-donde-ver-los-playoffs-de-vuelta-de-europa-league-video, 71
https://www.tudn.com/futbol/mls/dom-dwyer-atlanta-united-fc-mls-temporada-2022-delantero-gonzalo-pineda-plantel, 63
https://www.tudn.com/futbol/acevedo-acepta-crisis-en-santos-no-nos-sale-nada-hay-preocupacion-video, 68
https://www.tudn.com/mas-deportes/checo-perez-deslumbra-al-mundo-con-su-nuevo-casco-fotos, 137
https://www.tudn.com/futbol/potro-gutierrez-reprueba-idea-de-ver-jugar-chicharito-hernandez-en-seleccion-mexico, 66
https://www.tudn.com/futbol/liga-mx/liga-mx-en-360º-crisis-atletico-de-san-luis-tundio-al-america-video, 67
https://www.tudn.com/futbol/liga-mx/liga-mx-en-360º-golazo-de-gingac-y-tigres-le-empata-a-cruz-azul-video, 67
https://www.tudn.com/futbol/copa-oro/los-mejores-memes-tras-la-derrota-de-honduras-ante-mexico-en-la-copa-oro-fotos, 111
https://www.tudn.com/boxeo/cmb-presenta-cinturon-de-union-para-gandor-pelea-tyson-fury-dillian-whyte, 64
https://www.tudn.com/futbol/mexico/miguel-herrera-reconoce-borraria-momento-dejo-fuera-tri-copa-oro-2015, 68
https://www.tudn.com/futbol/concacaf-mundial-eliminatorias, 75
https://www.tudn.com/futbol/mls/posiciones, 74
https://www.tudn.com/futbol/liga-mx/pol-fernandez-con-un-pie-fuera-del-cruz-azul-y-se-acerca-boca, 66
https://www.tudn.com/formula-1, 86
https://www.tudn.com/futbol/liga-campeones-concacaf/no-cuenta-rubio-habia-marcado-pero-esta-en-posicion-adelantada-video, 70
https://www.tudn.com/futbol/liga-campeones-concacaf/tiro-atajado-disparo-por-kamal-miller-video, 71
https://www.tudn.com/futbol/liga-mx/santiago-gimenez-similitudes-actual-plantel-cruz-azul-campeon-guard1anes-2021, 67
https://www.tudn.com/futbol/mls/new-england-revolution-seattle-sounders-y-portland-timbers-quieren-corona-de-new-york-city-fc-mls-temporada-2022, 77
https://www.tudn.com/futbol/mls/mercado-mls, 78
https://www.tudn.com/futbol/mexico/hirving-lozano-corre-riesgo-no-jugar-mexico-vs-estados-unidos-octagonal, 69
https://www.tudn.com/futbol/uefa-champions-league/empata-benfica-yaremchuk-aprovecha-el-rechace-y-marca-el-2-2-video, 70
https://www.tudn.com/futbol/liga-mx/sebastian-caceres-descartado-con-america-para-juego-ante-pumas-jornada-7, 67
https://www.tudn.com/futbol/liga-mx/liga-mx-en-360º-america-supero-a-unos-aguerridos-pumas-video, 67
https://www.tudn.com/futbol/houston-dynamo-esta-interesado-carlos-salcedo-tigres, 72
https://www.tudn.com/futbol/liga-mx/para-preparar-la-botana-pumas-vs-america-destaca-en-la-j7-video, 67
https://www.tudn.com/archivo/2009, 64
https://www.tudn.com/futbol/liga-campeones-concacaf/llega-el-invitado-especial-max-alves-hace-el-1-0-de-colorado-rapids-video, 68
https://www.tudn.com/futbol/uefa-europa-league/olympiakos-vs-atalanta-uefa-europa-league-2022-02-24, 58
https://www.tudn.com/futbol/uefa-champions-league/gol-anota-para-manchester-united-anthony-elanga-video, 69
https://www.tudn.com/futbol/liga-campeones-concacaf/estadisticas, 67
https://www.tudn.com/archivo/2017, 95
https://www.tudn.com/futbol/liga-campeones-concacaf/tiro-atajado-disparo-por-diogo-video, 68
https://www.tudn.com/futbol/mexico/argentina-brasil-y-venezuela-tri-cerca-de-amarrar-amistosos-de-lujo-video, 68
https://www.tudn.com/futbol/liga-mx/guadalajara-vs-puebla-liga-mx-clausura-2022-02-26, 55
https://www.tudn.com/futbol/liga-campeones-concacaf/dinenno-hace-el-primer-tiro-saca-fogonazo-raso-que-cruz-contiene-video, 71
https://www.tudn.com/futbol/liga-mx/liga-mx-en-360º-rayos-toluca-le-arrebato-el-triunfo-al-necaxa-video, 67
https://www.tudn.com/archivo/2022, 71
https://www.tudn.com/futbol/liga-campeones-concacaf/seattle-sounders-fc-vs-motagua-concacaf-champions-league-2022-02-24, 57
https://www.tudn.com/futbol/liga-mx/liga-mx-en-360º-divino-cordova-rescata-el-triunfo-para-america-video, 67
https://www.tudn.com/futbol/uefa-europa-conference-league, 55
https://www.tudn.com/futbol/mls/damarcus-beasley-sobre-las-exportaciones-y-el-crecimiento-de-la-mls-video, 68
https://www.tudn.com/tenis/suspenden-a-alexander-zverev-en-acapulco-tras-casi-golpear-a-juez-de-silla, 59
https://www.tudn.com/futbol/mexico/de-la-crisis-al-milagro-tata-evade-la-guillotina-y-se-viene-eeuu-video, 68
https://www.tudn.com/futbol/mls/sin-despeinarse-new-york-city-otro-paseo-ante-guapiles-y-clasifico-cuartos-de-final-liga-campeones-concacaf, 69
https://www.tudn.com/futbol/mls/colorado-rapids-cf, 76
https://www.tudn.com/futbol/uefa-champions-league/gol-anota-para-atletico-de-madrid-joao-felix-video-1, 69
https://www.tudn.com/futbol/uefa-champions-league/reinildo-se-cae-y-anthony-elanga-hace-el-dramatico-1-1-del-united-video, 70
https://www.tudn.com/futbol/liga-campeones-concacaf/equipos, 77
https://www.tudn.com/futbol/liga-de-expansion-mx/resumen-atletico-morelia-le-propina-una-feria-de-goles-4-1-al-cancun-video, 72
https://www.tudn.com/futbol/uefa-champions-league/cerca-sime-vrsaljko-disparo-que-se-estrella-en-el-poste-video, 71
https://www.tudn.com/archivo/2014, 80
https://www.tudn.com/futbol/uefa-champions-league/posiciones, 71
https://www.tudn.com/futbol/mls/new-york-city-fc, 76
https://www.tudn.com/boxeo/mike-tyson-asegura-que-canelo-debe-pelear-con-benavidez-video, 71
https://www.tudn.com/futbol/uefa-europa-league/con-el-regreso-de-gerard-pique-el-barcelona-viaja-rumbo-a-napoles, 68
https://www.tudn.com/futbol/player/javier-hernandez, 91
https://www.tudn.com/futbol/la-liga/especial-saludo-de-benzema-a-mexico-desde-valdebebas-video, 71
https://www.tudn.com/futbol/liga-campeones-concacaf/tiro-atajado-disparo-por-diogo-video-1, 68
https://www.tudn.com/futbol/mls/con-chicharito-hernandez-y-douglas-costa-la-galaxy-apuesta-a-la-redencion-video, 68
https://www.tudn.com/futbol/jugadores/romell-quioto, 85
https://www.tudn.com/futbol/mexico/amor-a-mexico-marcelo-flores-y-su-guino-al-tri-video, 68
https://www.tudn.com/futbol/liga-mx/christian-patino-el-unico-en-anotar-hat-trick-con-america-en-cu-video, 67
https://www.tudn.com/futbol/liga-campeones-concacaf/cerca-oscar-santis-disparo-que-se-estrella-en-el-poste-video, 68
https://www.tudn.com/mundial-catar-2022/mundial-qatar-2022-clasificados-equipos-selecciones-participantes, 68
https://www.tudn.com/futbol/mls/atlanta-united-fc, 75
https://www.tudn.com/futbol/liga-mx/videos, 79
https://www.tudn.com/boxeo/julio-cesar-chavez-jr-rechazo-ser-entrenado-por-eddy-reynoso-video, 71
https://www.tudn.com/futbol/liga-campeones-concacaf/fin-del-partido-video-31, 68
https://www.tudn.com/nfl/fotografa-sufre-caida-desfile-super-bowl-los-angeles-rams-sufre-fractura-de-columna, 64
https://www.tudn.com/futbol/uefa-champions-league/equipos, 76
https://www.tudn.com/boxeo/cmb-crea-el-cinturon-de-la-union-para-pelea-entre-fury-y-whyte-video, 71
https://www.tudn.com/futbol/mls/la-mls-no-quiere-a-neymar-si-piensa-para-el-retiro, 66
https://www.tudn.com/nfl/apuestas-descabelladas-para-super-bowl-lvi-entre-cincinnati-bengals-rams, 66
https://www.tudn.com/futbol/uefa-europa-league/ferran-torres-rompe-en-llanto-tras-barcelona-napoli-ousmane-dembele-abucheado-camp-nou, 69
https://www.tudn.com/futbol/liga-campeones-concacaf/fin-del-partido-video-30, 71
https://www.tudn.com/futbol/liga-campeones-concacaf/andres-lillini-evita-pretextos-bajas-dice-plantel-enorme, 68
https://www.tudn.com/futbol/mls/fc-cincinnati, 75
https://www.tudn.com/futbol/concacaf-mundial-eliminatorias/concacaf-eliminatorias-orbelin-pineda-otorga-sufrida-victoria-mexico-en-costa-rica, 68
https://www.tudn.com/futbol/liga-mx/360-livestream, 52
https://www.tudn.com/futbol/mls/historia-y-encanto-miguel-angel-ramirez-quiere-escribir-noches-de-magia-en-charlotte-video, 68
https://www.tudn.com/futbol/jugadores/javier-hernandez, 107
https://www.tudn.com/futbol/uefa-champions-league/tenia-que-ser-benzema-espectacular-tijera-para-el-1-1-ante-el-chelsea-video, 70
https://www.tudn.com/futbol/copa-oro, 72
https://www.tudn.com/futbol/uefa-euro-2020, 75
https://www.tudn.com/futbol/jugadores/dusan-tadic, 80
https://www.tudn.com/futbol/liga-mx/las-claves-del-zorro-atlas-sigue-invicto-y-suena-con-el-bicampeonato-video, 67
https://www.tudn.com/futbol/liga-campeones-concacaf/fin-del-partido-video-29, 71
https://www.tudn.com/futbol/uefa-champions-league/tiro-atajado-disparo-por-noussair-mazraoui-video-10, 71
https://www.tudn.com/archivo/2020, 120
https://www.tudn.com/futbol/uefa-champions-league/pone-vibrante-la-final-havertz-saca-a-ederson-y-anota-el-0-1-del-chelsea-video, 70
https://www.tudn.com/futbol/liga-mx/liga-mx-en-360º-los-goles-que-tienen-al-america-en-la-cima-video, 67
https://www.tudn.com/futbol/uefa-champions-league/resumen-con-gol-de-pulisic-chelsea-se-impone-2-0-al-lille-en-la-ida-video, 70
https://www.tudn.com/futbol/liga-mx/queretaro-vs-toluca-liga-mx-clausura-2022-02-24, 56
https://www.tudn.com/futbol/liga-mx/alfredo-talavera-nicolas-freire-baja-pumas-america, 69
https://www.tudn.com/futbol/maynor-figueroa-de-la-adversidad-al-exito-en-su-carrera-profesional-video, 70
https://www.tudn.com/futbol/uefa-champions-league/yt-resumen-chelsea-vs-lille-video, 70
https://www.tudn.com/futbol/uefa-champions-league/resumen-bayern-rasguna-el-empate-1-1-ante-salzburg-video, 71
https://www.tudn.com/mundial-catar-2022/usa-mexico-paises-solicitudes-boletos-qatar-2022-17-millones, 69
https://www.tudn.com/futbol/liga-campeones-concacaf/tiro-atajado-disparo-por-valentin-castellanos-video-3, 71
https://www.tudn.com/futbol/liga-campeones-concacaf/arranca-el-partido-y-la-pelota-esta-en-juego-video-46, 71
https://www.tudn.com/futbol/jugadores/arturo-ortiz, 62
https://www.tudn.com/contacto-deportivo-cumple-20-anos-atletas-que-dejan-huella-en-el-deporte-video, 71
https://www.tudn.com/mas-deportes/bestial-embestida-de-un-toro-a-un-ciclista-durante-en-prueba-en-california-video, 68
https://www.tudn.com/futbol/uefa-europa-league/lazio-vs-fc-porto-uefa-europa-league-2022-02-24, 58
https://www.tudn.com/20-anos-de-contacto-deportivo-longevidad-en-comparacion-a-otros-shows-video, 71
https://www.tudn.com/futbol/eeuu/vuelve-el-2-0-el-team-usa-se-impone-a-mexico-en-cincinnati-video, 72
https://www.tudn.com/futbol/mls/josef-martinez-mi-objetivo-es-ganar-el-botin-de-oro-2022-atlanta-united-fc-venezuela-mls, 65
https://www.tudn.com/archivo/2016, 96
https://www.tudn.com/futbol/uefa-champions-league/gol-anota-para-atletico-de-madrid-joao-felix-video-3, 69
https://www.tudn.com/futbol/uefa-champions-league/cuenta-del-zenit-se-burla-del-barca-y-le-recuerda-que-esta-en-europa-league-video, 70
https://www.tudn.com/futbol/jugadores/juan-ignacio-dinenno, 91
https://www.tudn.com/futbol/liga-mx/liga-mx-en-360º-america-y-su-agonico-triunfo-sobre-xolos-video, 67
https://www.tudn.com/futbol/mls/lafc, 75
https://www.tudn.com/futbol/mls/resultados, 79
https://www.tudn.com/futbol/mls/orlando-city-coquetea-con-elite-inter-miami-cambia-filosofia, 70
https://www.tudn.com/futbol/el-tri-femenil-fue-una-aplanadora-y-goleo-a-antigua-y-barbuda, 64
https://www.tudn.com/futbol/uefa-champions-league/resumen-villarrealvsjuventus-yt-video, 70
https://www.tudn.com/boxeo/jorge-travieso-arce-julio-cesar-chavez-se-reconcilian-tras-pelea-redes-sociales, 64
https://www.tudn.com/futbol/concacaf-mundial-eliminatorias/canada-vencio-2-1-mexico-edmonton, 63
https://www.tudn.com/futbol/mls/chicharito-se-luce-al-quitarse-a-tres-rivales-con-tunel-incluido-video, 68
https://www.tudn.com/futbol/liga-campeones-concacaf/juan-reynoso-potenciar-refuerzos-ver-cruz-azul-poderoso, 70
https://www.tudn.com/futbol/mls/carlos-vela-no-renovara-con-lafc-y-su-plan-es-volver-a-europa-video, 68
https://www.tudn.com/archivo/2010, 74
https://www.tudn.com/futbol/mexico/hirving-lozano-fue-sometido-a-mas-estudios-con-el-tri-video, 68
https://www.tudn.com/futbol/el-destino-de-jaime-lozano-apunta-hacia-el-houston-dynamo-mls, 66
https://www.tudn.com/archivo/2018/octubre-4, 1063
https://www.tudn.com/futbol/mexico/momentos-de-la-semana/el-record-esta-a-la-vista-mexico-suma-una-nueva-victoria-fotos, 59
https://www.tudn.com/futbol/mls/perfiles/el-kichan-pavon-la-nueva-joya-argentina-de-la-galaxy-video, 69
https://www.tudn.com/futbol/liga-campeones-concacaf/cerca-landin-luis-angel-metio-la-media-tijera-y-cota-detiene-video, 71
https://www.tudn.com/nfl/doble-anillo-jugador-de-rams-se-comprometio-tras-ganar-el-super-bowl-lvi-video, 71
https://www.tudn.com/futbol/liga-mx/santos-laguna/estadisticas, 71
https://www.tudn.com/futbol/segun-infantino-presidente-de-la-fifa-en-europa-hay-un-mundial-todas-las-semanas, 64
https://www.tudn.com/futbol/mls/gonzalo-pineda-revela-jurgen-damm-saldra-atlanta-united-temporada-2022, 67
https://www.tudn.com/futbol/emiliano-sala-sufrio-envenenamiento-grave-antes-de-estrellarse-avion, 66
https://www.tudn.com/futbol/mls/start-your-engines-nascar-carlos-vela-lafc-piloto-mexicano-daniel-suarez-la-memorial-coliseum-febrero-2022, 67
https://www.tudn.com/futbol/mls/perfiles/tras-conquistar-la-liga-mx-raul-rudiaz-persigue-la-cima-de-la-mls-soy-un-hombre-de-retos-video, 69
https://www.tudn.com/futbol/mls/lafc/resultados, 73
https://www.tudn.com/archivo/2019/abril-4, 1063
https://www.tudn.com/futbol/liga-mx/asi-avanza-el-intercambio-romo-charlie-entre-cruz-azul-y-rayados-video, 67
https://www.tudn.com/futbol/liga-mx/el-ultimo-gol-de-macias-con-chivas-se-remonta-a-hace-casi-un-ano-video, 67
https://www.tudn.com/futbol/uefa-champions-league/autogol-vertonghen-centra-con-potencia-y-haller-empuja-para-el-1-1-video, 70
https://www.tudn.com/futbol/liga-mx/mazatlan-fc, 73
https://www.tudn.com/archivo/2021/octubre-4, 1063
https://www.tudn.com/futbol/uefa-champions-league/marcos-alonso-vuelve-a-avisar-zeki-celik-le-alcanza-a-desviar-el-tiro-video, 70
https://www.tudn.com/temas/opinion-deportes, 102
https://www.tudn.com/futbol/mexico/guillermo-ochoa-regala-a-barcenas-su-jersey-pese-a-bronca-video, 68
https://www.tudn.com/futbol/jugadores/jose-antonio-garcia, 72
https://www.tudn.com/futbol/uefa-europa-league/rb-leipzig-vs-real-sociedad-uefa-europa-league-2022-02-17, 71
https://www.tudn.com/futbol/mls/charlotte-fc-se-prepara-para-romper-records-de-publico-en-su-debut-como-local-la-galaxy-temporada-2022-bank-of-america-stadium, 64
https://www.tudn.com/archivo/2018/diciembre-3, 1063
https://www.tudn.com/futbol/premier-league/arsenal, 77
https://www.tudn.com/futbol/mls/pipita-higuain-cambia-dorsal-9-por-el-10-inter-miami-cf-temporada-2022-mls-rodolfo-pizarro, 65
https://www.tudn.com/futbol/eeuu/columbus-volvera-a-ser-la-fortaleza-del-team-usa-en-las-eliminatorias-video, 72
https://www.tudn.com/futbol/jugadores/jesus-angulo-1, 98
https://www.tudn.com/archivo/2011/noviembre-1, 64
https://www.tudn.com/futbol/liga-mx/arbitro-fernando-guerrero-agradece-luis-chapito-montes-fair-play, 67
https://www.tudn.com/futbol/liga-campeones-concacaf/concachampions-2022-horarios-donde-ver-ida-octavos-de-final-miercoles, 67
https://www.tudn.com/archivo/2021/marzo-1, 1063
https://www.tudn.com/futbol/liga-mx/rayados-reprueba-actos-y-manifestaciones-violentos-video, 67
https://www.tudn.com/formula-1/checo-perez-tendra-mas-opciones-de-ganar-carreras-en-la-f1-en-2022-video, 72
https://www.tudn.com/futbol/uefa-nations-league/portugal-vs-holanda-horario-y-como-ver-la-final-de-la-nations-league, 70
https://www.tudn.com/futbol/jugadores/lisandro-lopez, 59
https://www.tudn.com/futbol/serie-a/posiciones, 70
https://www.tudn.com/futbol/mls/mexicanos-mls-2022-quienes-son-que-equipos-juegan, 69
https://www.tudn.com/archivo/2018/enero-3, 967
https://www.tudn.com/boxeo/julio-cesar-chavez-jr-hace-critica-a-su-padre-consumia-mas-drogas-que-yo, 65
https://www.tudn.com/futbol/ligue-1/messi-detiene-a-jugador-del-lille-para-pedirle-su-camiseta-video, 72
https://www.tudn.com/archivo/2019/marzo-4, 1063
https://www.tudn.com/archivo/2010/enero-1, 84
https://www.tudn.com/archivo/2019/diciembre-3, 1063
https://www.tudn.com/futbol/mls/lafc-goleo-a-new-york-red-bulls-en-duelo-de-pretemporada-mls, 66
https://www.tudn.com/futbol/mls/lucas-zelarayan-seleccion-armenia-debut-asistencia-islandia-eliminatorias-uefa-islandia, 64
https://www.tudn.com/archivo/2019/agosto-6, 185
https://www.tudn.com/futbol/bayern-planea-gira-en-estados-unidos-y-mexico-este-verano-video, 70
https://www.tudn.com/futbol/mls/chicago-fire-nuevo-entrenador-ezra-hendrickson-temporada-2022-columbus-crew-la-galaxy-seattle-sounders-fc, 63
https://www.tudn.com/archivo/2017/diciembre-3, 489
https://www.tudn.com/archivo/2013/mayo-1, 891
https://www.tudn.com/futbol/uefa-europa-league/sheriff-tiraspol-vs-sporting-braga-uefa-europa-league-2022-02-17, 67
https://www.tudn.com/futbol/mls/sebastian-blanco-y-su-meta-con-porltland-timbers-no-se-me-cruza-no-ganar-la-mls-video, 68
https://www.tudn.com/mundial-catar-2022/romper-alcancia-cuanto-costara-fase-de-grupos-mundial-qatar-2022-dolares, 68
https://www.tudn.com/archivo/2020/mayo-5, 961
https://www.tudn.com/nfl/cambian-letrero-de-hollywood-por-uno-que-dice-rams-house-video, 71
https://www.tudn.com/archivo/2021/mayo-2, 1063
https://www.tudn.com/futbol/la-liga/mexicanos-son-criticados-en-el-celta-de-vigo-video, 71
https://www.tudn.com/futbol/copa-oro/presumanlo-con-orgullo-el-team-usa-levanta-su-septima-copa-oro-video, 68
https://www.tudn.com/archivo/2018/septiembre-3, 1063
https://www.tudn.com/archivo/2017/abril-1, 1062
https://www.tudn.com/futbol/uefa-nations-league/campeones-francia-levanta-el-trofeo-de-la-nations-league-video, 71
https://www.tudn.com/archivo/2013/septiembre-1, 718
https://www.tudn.com/futbol/uefa-euro-2020/gritan-con-el-alma-italia-festeja-con-todo-su-titulo-en-wembley-video, 68
https://www.tudn.com/futbol/liga-mx/santos-laguna/plantel, 98
https://www.tudn.com/combate-global/ivan-garcia-aplica-mataleon-ivan-lopez-en-pelea-estelar-combate-global, 62
https://www.tudn.com/futbol/futbol-olimpico-femenil/estados-unidos-f, 73
https://www.tudn.com/archivo/2015/junio-1, 1059
https://www.tudn.com/futbol/liga-campeones-concacaf/guastatoya-vs-leon-concacaf-champions-league-2022-02-16, 68
https://www.tudn.com/archivo/2019/diciembre-4, 703
https://www.tudn.com/archivo/2019/junio-5, 1063
https://www.tudn.com/futbol/dutch-eredivisie/ajax-edson-alvarez-tienen-nuevo-caso-overmars-bogarde-acusado-acoso-sexual, 70
https://www.tudn.com/futbol/jugadores/sergio-aguero, 97
