https://www.tudn.com/futbol/resultados-y-estadisticas-futbol, 0.00023774153103962688
https://www.tudn.com/futbol/liga-mx, 0.00023774153103962688
https://www.tudn.com/futbol/uefa-champions-league, 0.00023774153103962688
https://www.tudn.com/boxeo, 0.00023774153103962688
https://www.tudn.com/futbol, 0.00023774153103962688
https://www.tudn.com/radio, 0.00023774153103962688
https://www.tudn.com, 0.00023770545569827182
https://www.tudn.com/archivo, 0.00023770545569827182
https://www.tudn.com/futbol/mexico, 0.00011022644211237632
https://www.tudn.com/futbol/mls, 7.955850703419447e-05
https://www.tudn.com/equipo, 7.617269905905111e-05
https://www.tudn.com/futbol/eeuu, 5.642451723907855e-05
https://www.tudn.com/futbol/uefa-mundial-eliminatorias, 5.567402293500661e-05
https://www.tudn.com/futbol/europa, 4.967043279534741e-05
https://www.tudn.com/futbol/mexico/revelan-que-acto-de-indisciplina-tiene-a-alan-mozo-fuera-del-tri-video, 3.871599828245353e-05
https://www.tudn.com/futbol/partidos-de-futbol-para-hoy-en-vivo, 3.722058143208387e-05
https://www.tudn.com/tudn-livestream-24-7, 3.682234034799683e-05
https://www.tudn.com/mas-deportes, 3.642999167978509e-05
https://www.tudn.com/tudnxtra, 3.474388711614738e-05
https://www.tudn.com/tudn-vision, 3.418115410895348e-05
https://www.tudn.com/TUDN-radio, 3.418115410895348e-05
https://www.tudn.com/video, 3.418115410895348e-05
https://www.tudn.com/boxeo/regresa-a-mexico-revelan-planes-a-futuro-del-canelo-video, 3.400710125294758e-05
https://www.tudn.com/futbol/uefa-mundial-eliminatorias/la-inicio-cr7-de-taconcito-diogo-jota-firma-un-2-0-que-luce-lapidario-video, 3.158230403418755e-05
https://www.tudn.com/futbol/concacaf-mundial-eliminatorias, 3.0964220438642224e-05
https://www.tudn.com/futbol/uefa-mundial-eliminatorias/gales-toma-ventaja-bale-hace-el-1-0-con-potente-tiro-al-angulo-video, 2.856385178926088e-05
https://www.tudn.com/futbol/uefa-mundial-eliminatorias/explota-el-do-dragao-otavio-contrarremata-para-el-1-0-ante-turquia-video, 2.8557589108988653e-05
https://www.tudn.com/futbol/mexico/para-que-se-asuste-team-usa-revisa-el-posible-once-del-tata-martino-video, 2.7533953660234568e-05
https://www.tudn.com/futbol/liga-mx/alexis-canelo-se-enfrento-con-la-aficion-del-toluca-por-el-mal-paso-del-equipo-torres-nilo-haret-ortega, 2.7174530302932657e-05
https://www.tudn.com/futbol/la-liga, 2.632747090003176e-05
https://www.tudn.com/futbol/mls/cabeza-a-cabeza-berhalter-vs-tata-en-la-larga-carrera-hacia-catar-2022-video, 2.6094538736105814e-05
https://www.tudn.com/futbol/mexico/que-puede-esperar-mexico-de-cara-al-sorteo-para-qatar-2022-video, 2.5681542254666578e-05
https://www.tudn.com/futbol/uefa-mundial-eliminatorias/no-se-marca-la-mano-en-el-area-cr7-pedia-penalti-de-berkan-kutlu-video, 2.560617769335752e-05
https://www.tudn.com/futbol/la-liga/javier-aguirre-dice-que-esta-feliz-de-volver-a-la-mejor-liga-del-mundo-video, 2.4268131834065893e-05
https://www.tudn.com/futbol/uefa-mundial-eliminatorias/ahora-turquia-perdona-el-empate-berkan-kutlu-tenia-el-cabezazo-claro-video, 2.3130638469519174e-05
https://www.tudn.com/futbol/uefa-mundial-eliminatorias/lucha-grecorromana-zeki-celik-y-diogo-jota-encienden-los-animos-video, 2.1590347365570473e-05
https://www.tudn.com/futbol/uefa-europa-league, 2.1314256566024115e-05
https://www.tudn.com/futbol/uefa-mundial-eliminatorias/suecia-vs-republica-checa-uefa-mundial-eliminatorias-2022-03-24, 2.071924185534065e-05
https://www.tudn.com/futbol/uefa-mundial-eliminatorias/italia-vs-macedonia-uefa-mundial-eliminatorias-2022-03-24, 2.0719241855340645e-05
https://www.tudn.com/futbol/uefa-mundial-eliminatorias/gales-vs-austria-uefa-mundial-eliminatorias-2022-03-24, 2.0490535557830267e-05
https://www.tudn.com/futbol/liga-mx/incomparable-thauvin-fue-a-las-gradas-para-consentir-a-fans-de-tigres-video, 1.9916891925625625e-05
https://www.tudn.com/futbol/uefa-mundial-eliminatorias/portugal-vs-turquia-uefa-mundial-eliminatorias-2022-03-24, 1.9886860564715377e-05
https://www.tudn.com/futbol/concacaf-mundial-eliminatorias/mexico-vs-estados-unidos-concacaf-mundial-elim-2022-03-24, 1.9583755727866434e-05
https://www.tudn.com/futbol/concacaf-mundial-eliminatorias/jamaica-vs-el-salvador-concacaf-mundial-elim-2022-03-24, 1.9576054207475175e-05
https://www.tudn.com/futbol/concacaf-mundial-eliminatorias/costa-rica-vs-canada-concacaf-mundial-elim-2022-03-24, 1.956382975502229e-05
https://www.tudn.com/futbol/concacaf-mundial-eliminatorias/panama-vs-honduras-concacaf-mundial-elim-2022-03-24, 1.956382975502229e-05
https://www.tudn.com/futbol/conmebol-eliminatorias/paraguay-vs-ecuador-conmebol-mundial-eliminatorias-2022-03-24, 1.94893086592778e-05
https://www.tudn.com/futbol/conmebol-eliminatorias/brasil-vs-chile-conmebol-mundial-eliminatorias-2022-03-24, 1.94893086592778e-05
https://www.tudn.com/futbol/conmebol-eliminatorias/colombia-vs-bolivia-conmebol-mundial-eliminatorias-2022-03-24, 1.94893086592778e-05
https://www.tudn.com/futbol/conmebol-eliminatorias/uruguay-vs-peru-conmebol-mundial-eliminatorias-2022-03-24, 1.9489308659277796e-05
https://www.tudn.com/futbol/liga-mx/alexis-canelo-se-enfrento-con-la-aficion-del-toluca-video, 1.887128292880549e-05
https://www.tudn.com/futbol/liga-mx/casi-con-puro-canterano-pumas-rescata-empate-contra-chivas-video, 1.8547727585919956e-05
https://www.tudn.com/futbol/uefa-mundial-eliminatorias/diogo-jota-no-lo-puede-creer-falla-solo-de-frente-a-la-porteria-video, 1.8444275097383656e-05
https://www.tudn.com/futbol/eeuu/estados-unidos-entrena-estadio-azteca-reggie-cannon-duda-ante-mexico, 1.8141267537923552e-05
https://www.tudn.com/futbol/liga-mx/matias-kranevitter-acepta-errores-ante-comision-disciplinaria, 1.6624222467608865e-05
https://www.tudn.com/futbol/eeuu/pulisic-juego-mexico-vs-usa-ganar-azteca-significa-todo, 1.646492672499328e-05
https://www.tudn.com/futbol/mexico/martino-no-ve-revancha-ante-team-usa-pero-si-el-pase-al-mundial-video, 1.644622739331921e-05
https://www.tudn.com/futbol/eeuu/giovanni-reyna-jugador-cuatro-nacionalidades-eligio-estados-unidos-usmnt, 1.6279029345244067e-05
https://www.tudn.com/futbol/concacaf-mundial-eliminatorias/gerardo-martino-descarta-revancha-team-usa-puede-valer-mundial-mexico, 1.6223626004491212e-05
https://www.tudn.com/futbol/concacaf-mundial-eliminatorias/bajas-ausencias-mexico-vs-estados-unidos-eliminatorias-concacaf-rumbo-mundial-qatar-2022, 1.548525291084263e-05
https://www.tudn.com/futbol/concacaf-mundial-eliminatorias/estados-unidos-dado-sustos-mexico-visitas-estadio-azteca, 1.5419830118353328e-05
https://www.tudn.com/futbol/liga-mx/estadisticas, 1.5211746180458317e-05
https://www.tudn.com/futbol/liga-mx/equipos, 1.5211746180458317e-05
https://www.tudn.com/futbol/liga-mx/descenso, 1.5211746180458317e-05
https://www.tudn.com/futbol/liga-mx/resultados, 1.5211746180458317e-05
https://www.tudn.com/futbol/liga-mx/posiciones, 1.5211746180458317e-05
https://www.tudn.com/futbol/mexico/por-que-chicharito-hernandez-no-convocado-seleccion-mexicana-gerardo-martino, 1.4891875459908223e-05
https://www.tudn.com/futbol/mexico/los-dos-factores-por-los-que-tata-martino-no-convoca-a-alan-mozo-al-tri, 1.4762078570867816e-05
https://www.tudn.com/futbol/concacaf-mundial-eliminatorias/alexi-lalas-seleccion-mexico-mas-debil-que-ha-visto, 1.397664660173728e-05
https://www.tudn.com/futbol/liga-mx/matias-kranevitter-disculpas-agresion-yeferson-soteldo-clasico-regio, 1.3606264351735272e-05
https://www.tudn.com/futbol/uefa-mundial-eliminatorias/gol-anota-para-portugal-diogo-jota-video-1, 1.3567996165899318e-05
https://www.tudn.com/futbol/uefa-mundial-eliminatorias/tiro-atajado-disparo-por-muhammed-kerem-akturkoglu-video-2, 1.3567996165899318e-05
https://www.tudn.com/futbol/vinicius-jugar-con-brasil-es-tan-dificil-como-hacerlo-con-el-real-madrid-video, 1.3541023523473918e-05
https://www.tudn.com/futbol/liga-mx/comprador-gallos-queretaro-adelante-trato-palabra-espera-aval-asamblea-duenos, 1.3451362333822351e-05
https://www.tudn.com/futbol/uefa-mundial-eliminatorias/tiro-atajado-disparo-por-orkun-kokcu-video-3, 1.3315609665765043e-05
https://www.tudn.com/futbol/uefa-mundial-eliminatorias/no-faltaron-las-sorpresas-las-alineaciones-del-portugal-vs-turquia-video, 1.3096817821262816e-05
https://www.tudn.com/futbol/liga-mx/gol-de-ormeno-santiago-marca-de-media-vuelta-el-0-2-de-leon-video, 1.3027009576106857e-05
https://www.tudn.com/futbol/eeuu/berhalter-ve-estados-unidos-maduro-sin-temor-jugar-mexico, 1.2857975389048792e-05
https://www.tudn.com/futbol/liga-mx/resumen-tigres-se-lleva-el-triunfo-1-2-ante-america-en-duelo-amistoso-video, 1.2635258020146503e-05
https://www.tudn.com/futbol/liga-mx/que-facilidades-de-la-defensa-alex-zendejas-anota-el-3-0-sin-problema-video, 1.2602970588829406e-05
https://www.tudn.com/futbol/liga-mx/donde-andaba-el-portero-diego-valdes-le-hace-el-2-0-a-su-poste-video, 1.2602970588829406e-05
https://www.tudn.com/futbol/liga-mx/matias-almeyda-guino-liga-mx-mi-contrato-san-jose-earthquakes-podria-terminar-manana, 1.2536144393107243e-05
https://www.tudn.com/futbol/liga-mx/golazo-de-tigres-pizarro-la-toma-de-primera-para-el-1-2-de-tigres-video, 1.2508216261711248e-05
https://www.tudn.com/futbol/uefa-champions-league/diego-simeone-tras-sorte-de-champions-siento-gran-admiracion-por-guardiola, 1.237310879568068e-05
https://www.tudn.com/futbol/uefa-mundial-eliminatorias/tiro-atajado-disparo-por-burak-yilmaz-video-6, 1.2173286131230365e-05
https://www.tudn.com/futbol/uefa-mundial-eliminatorias/tiro-atajado-disparo-por-bernardo-silva-video-4, 1.2173286131230365e-05
https://www.tudn.com/futbol/liga-mx/se-empato-vinas-regresa-a-la-senda-del-gol-con-el-1-1-de-america-video, 1.182882668763473e-05
https://www.tudn.com/futbol/liga-mx/cerca-el-america-otero-y-vina-por-poco-consiguen-el-empate-ante-tigres-video, 1.182882668763473e-05
https://www.tudn.com/futbol/eeuu/academias-de-la-mls-grandes-responsables-del-crecimiento-del-team-usa-video, 1.1808594032005215e-05
https://www.tudn.com/futbol/uefa-mundial-eliminatorias/italia-vs-macedonia-del-norte-a-que-hora-y-donde-ver-partido-repechaje-uefa-mundial-qatar-2022, 1.1647126834277812e-05
https://www.tudn.com/futbol/uefa-mundial-eliminatorias/a-punto-de-un-golazo-de-bandera-diogo-jota-casi-sorprende-a-cakir-video, 1.1645995967890747e-05
https://www.tudn.com/boxeo/ryan-garcia-se-dice-traicionado-por-el-canelo-video, 1.1631114055693561e-05
https://www.tudn.com/temas/juan-carlos-h-cedeno, 1.1592581195893634e-05
https://www.tudn.com/futbol/mexico/la-pregunta-del-millon-el-futuro-del-tata-depende-del-duelo-contra-usa-video, 1.1541929083360547e-05
https://www.tudn.com/futbol/mexico/alexi-lalas-afirma-que-este-es-el-tricolor-mas-debil-que-ha-visto-video, 1.1540552640736084e-05
https://www.tudn.com/mundial-catar-2022/mundial-qatar-2022-clasificados-equipos-selecciones-participantes, 1.1462386920931822e-05
https://www.tudn.com/futbol/mexico/frases-mexicanas-vs-slang-otra-rivalidad-ademas-del-futbol-video, 1.1462216129360134e-05
https://www.tudn.com/futbol/uefa-mundial-eliminatorias/portugal-vs-turquia-a-que-hora-donde-ver-repechaje-uefa-mundial-qatar-2022, 1.124946944501874e-05
https://www.tudn.com/futbol/liga-mx/se-la-perdio-fulgencio-no-aprovecha-y-la-manda-por-fuera-video, 1.1226567190181799e-05
https://www.tudn.com/futbol/liga-mx/perdono-vinas-tuvo-dos-oportunidades-y-termina-fallando-video, 1.1226567190181799e-05
